anytown-xrandom-0.05-binary-cheb1-tuned-1-cheb1,345.2337,18.564592
anytown-xrandom-0.05-binary-cheb1-tuned-2-cheb1,346.17838,18.642107
anytown-xrandom-0.05-binary-cheb1-tuned-3-cheb1,346.2083,18.622585
anytown-xrandom-0.05-binary-cheb1-tuned-4-cheb1,341.53342,18.42359
anytown-xrandom-0.05-binary-cheb1-tuned-5-cheb1,347.16428,18.705036
anytown-xrandom-0.05-binary-cheb1-tuned-6-cheb1,344.7651,18.541363
anytown-xrandom-0.05-binary-cheb1-tuned-7-cheb1,343.27777,18.482994
anytown-xrandom-0.05-binary-cheb1-tuned-8-cheb1,344.31845,18.543793
anytown-xrandom-0.05-binary-cheb1-tuned-9-cheb1,344.13562,18.598085
anytown-xrandom-0.05-binary-cheb1-tuned-10-cheb1,346.85596,18.674603
anytown-xrandom-0.05-binary-cheb1-tuned-11-cheb1,345.7736,18.606583
anytown-xrandom-0.05-binary-cheb1-tuned-12-cheb1,345.09637,18.59151
anytown-xrandom-0.05-binary-cheb1-tuned-13-cheb1,345.0934,18.57128
anytown-xrandom-0.05-binary-cheb1-tuned-14-cheb1,342.92096,18.549404
anytown-xrandom-0.05-binary-cheb1-tuned-15-cheb1,346.0076,18.64103
anytown-xrandom-0.05-binary-cheb1-tuned-16-cheb1,346.27548,18.64098
anytown-xrandom-0.05-binary-cheb1-tuned-17-cheb1,346.9713,18.706972
anytown-xrandom-0.05-binary-cheb1-tuned-18-cheb1,347.37717,18.714998
anytown-xrandom-0.05-binary-cheb1-tuned-19-cheb1,338.64127,18.316887
anytown-xrandom-0.05-binary-cheb1-tuned-20-cheb1,347.13187,18.67252
anytown-xrandom-0.05-binary-cheb2-tuned-1-cheb2,344.45016,18.519297
anytown-xrandom-0.05-binary-cheb2-tuned-2-cheb2,345.22778,18.570528
anytown-xrandom-0.05-binary-cheb2-tuned-3-cheb2,345.52722,18.57192
anytown-xrandom-0.05-binary-cheb2-tuned-4-cheb2,338.88623,18.305853
anytown-xrandom-0.05-binary-cheb2-tuned-5-cheb2,344.48343,18.520254
anytown-xrandom-0.05-binary-cheb2-tuned-6-cheb2,344.41428,18.515425
anytown-xrandom-0.05-binary-cheb2-tuned-7-cheb2,343.53372,18.475346
anytown-xrandom-0.05-binary-cheb2-tuned-8-cheb2,347.2613,18.661552
anytown-xrandom-0.05-binary-cheb2-tuned-9-cheb2,340.65338,18.397062
anytown-xrandom-0.05-binary-cheb2-tuned-10-cheb2,345.6558,18.578606
anytown-xrandom-0.05-binary-cheb2-tuned-11-cheb2,343.6229,18.476059
anytown-xrandom-0.05-binary-cheb2-tuned-12-cheb2,344.64642,18.533089
anytown-xrandom-0.05-binary-cheb2-tuned-13-cheb2,345.1785,18.55696
anytown-xrandom-0.05-binary-cheb2-tuned-14-cheb2,339.16687,18.319328
anytown-xrandom-0.05-binary-cheb2-tuned-15-cheb2,344.7651,18.536253
anytown-xrandom-0.05-binary-cheb2-tuned-16-cheb2,344.80582,18.534447
anytown-xrandom-0.05-binary-cheb2-tuned-17-cheb2,343.78885,18.493294
anytown-xrandom-0.05-binary-cheb2-tuned-18-cheb2,344.47906,18.514011
anytown-xrandom-0.05-binary-cheb2-tuned-19-cheb2,339.52612,18.315273
anytown-xrandom-0.05-binary-cheb2-tuned-20-cheb2,345.708,18.586433
anytown-xrandom-0.05-binary-cheb3-reduced-1-cheb3,344.1413,18.505083
anytown-xrandom-0.05-binary-cheb3-reduced-2-cheb3,342.5819,18.430933
anytown-xrandom-0.05-binary-cheb3-reduced-3-cheb3,344.40158,18.517134
anytown-xrandom-0.05-binary-cheb3-reduced-4-cheb3,338.6008,18.295914
anytown-xrandom-0.05-binary-cheb3-reduced-5-cheb3,343.93646,18.49753
anytown-xrandom-0.05-binary-cheb3-reduced-6-cheb3,343.63702,18.479925
anytown-xrandom-0.05-binary-cheb3-reduced-7-cheb3,343.62485,18.490875
anytown-xrandom-0.05-binary-cheb3-reduced-8-cheb3,344.4127,18.517159
anytown-xrandom-0.05-binary-cheb3-reduced-9-cheb3,338.02234,18.28258
anytown-xrandom-0.05-binary-cheb3-reduced-10-cheb3,344.18927,18.50656
anytown-xrandom-0.05-binary-cheb3-reduced-11-cheb3,342.85397,18.44059
anytown-xrandom-0.05-binary-cheb3-reduced-12-cheb3,342.17505,18.406923
anytown-xrandom-0.05-binary-cheb3-reduced-13-cheb3,344.2177,18.502722
anytown-xrandom-0.05-binary-cheb3-reduced-14-cheb3,340.81903,18.44342
anytown-xrandom-0.05-binary-cheb3-reduced-15-cheb3,343.94028,18.49469
anytown-xrandom-0.05-binary-cheb3-reduced-16-cheb3,343.53323,18.469458
anytown-xrandom-0.05-binary-cheb3-reduced-17-cheb3,343.88342,18.504257
anytown-xrandom-0.05-binary-cheb3-reduced-18-cheb3,344.8489,18.53993
anytown-xrandom-0.05-binary-cheb3-reduced-19-cheb3,338.96356,18.315567
anytown-xrandom-0.05-binary-cheb3-reduced-20-cheb3,344.66177,18.526804
anytown-xrandom-0.05-binary-gat_hyp-tuned-1-gat_hyp,333.33618,18.22425
anytown-xrandom-0.05-binary-gat_hyp-tuned-2-gat_hyp,342.07483,18.616924
anytown-xrandom-0.05-binary-gat_hyp-tuned-3-gat_hyp,340.40894,18.441006
anytown-xrandom-0.05-binary-gat_hyp-tuned-4-gat_hyp,326.7492,18.029985
anytown-xrandom-0.05-binary-gat_hyp-tuned-5-gat_hyp,341.47403,18.616262
anytown-xrandom-0.05-binary-gat_hyp-tuned-6-gat_hyp,341.0991,18.456043
anytown-xrandom-0.05-binary-gat_hyp-tuned-7-gat_hyp,338.42657,18.346737
anytown-xrandom-0.05-binary-gat_hyp-tuned-8-gat_hyp,339.78497,18.392395
anytown-xrandom-0.05-binary-gat_hyp-tuned-9-gat_hyp,327.83423,18.106777
anytown-xrandom-0.05-binary-gat_hyp-tuned-10-gat_hyp,338.7353,18.376368
anytown-xrandom-0.05-binary-gat_hyp-tuned-11-gat_hyp,339.74902,18.385302
anytown-xrandom-0.05-binary-gat_hyp-tuned-12-gat_hyp,337.2755,18.266525
anytown-xrandom-0.05-binary-gat_hyp-tuned-13-gat_hyp,340.637,18.42658
anytown-xrandom-0.05-binary-gat_hyp-tuned-14-gat_hyp,330.0992,18.19978
anytown-xrandom-0.05-binary-gat_hyp-tuned-15-gat_hyp,337.47632,18.32369
anytown-xrandom-0.05-binary-gat_hyp-tuned-16-gat_hyp,336.93124,18.301949
anytown-xrandom-0.05-binary-gat_hyp-tuned-17-gat_hyp,338.23163,18.329092
anytown-xrandom-0.05-binary-gat_hyp-tuned-18-gat_hyp,341.0655,18.462929
anytown-xrandom-0.05-binary-gat_hyp-tuned-19-gat_hyp,329.52368,18.167606
anytown-xrandom-0.05-binary-gat_hyp-tuned-20-gat_hyp,338.02484,18.346024
anytown-xrandom-0.05-binary-gat2-tuned-1-gat2,322.11462,17.528881
anytown-xrandom-0.05-binary-gat2-tuned-2-gat2,325.8778,17.714657
anytown-xrandom-0.05-binary-gat2-tuned-3-gat2,331.331,18.018808
anytown-xrandom-0.05-binary-gat2-tuned-4-gat2,306.11978,17.05264
anytown-xrandom-0.05-binary-gat2-tuned-5-gat2,319.07278,17.368372
anytown-xrandom-0.05-binary-gat2-tuned-6-gat2,325.6733,17.763887
anytown-xrandom-0.05-binary-gat2-tuned-7-gat2,341.43802,18.514198
anytown-xrandom-0.05-binary-gat2-tuned-8-gat2,325.58243,17.688711
anytown-xrandom-0.05-binary-gat2-tuned-9-gat2,313.22946,17.390629
anytown-xrandom-0.05-binary-gat2-tuned-10-gat2,315.32767,17.186344
anytown-xrandom-0.05-binary-gat2-tuned-11-gat2,325.48685,17.75464
anytown-xrandom-0.05-binary-gat2-tuned-12-gat2,333.22653,18.060589
anytown-xrandom-0.05-binary-gat2-tuned-13-gat2,323.77045,17.56533
anytown-xrandom-0.05-binary-gat2-tuned-14-gat2,315.786,17.457663
anytown-xrandom-0.05-binary-gat2-tuned-15-gat2,315.71634,17.29486
anytown-xrandom-0.05-binary-gat2-tuned-16-gat2,324.4946,17.62375
anytown-xrandom-0.05-binary-gat2-tuned-17-gat2,328.23773,17.798273
anytown-xrandom-0.05-binary-gat2-tuned-18-gat2,328.6871,17.844868
anytown-xrandom-0.05-binary-gat2-tuned-19-gat2,318.28995,17.571924
anytown-xrandom-0.05-binary-gat2-tuned-20-gat2,318.84564,17.39033
anytown-xrandom-0.1-binary-cheb1-tuned-1-cheb1,344.55408,18.55536
anytown-xrandom-0.1-binary-cheb1-tuned-2-cheb1,344.92596,18.608582
anytown-xrandom-0.1-binary-cheb1-tuned-3-cheb1,344.14273,18.554531
anytown-xrandom-0.1-binary-cheb1-tuned-4-cheb1,342.91092,18.511003
anytown-xrandom-0.1-binary-cheb1-tuned-5-cheb1,344.01465,18.561584
anytown-xrandom-0.1-binary-cheb1-tuned-6-cheb1,346.27173,18.640505
anytown-xrandom-0.1-binary-cheb1-tuned-7-cheb1,342.59738,18.438961
anytown-xrandom-0.1-binary-cheb1-tuned-8-cheb1,348.26324,18.79236
anytown-xrandom-0.1-binary-cheb1-tuned-9-cheb1,348.41876,18.82365
anytown-xrandom-0.1-binary-cheb1-tuned-10-cheb1,344.94904,18.571003
anytown-xrandom-0.1-binary-cheb1-tuned-11-cheb1,345.20166,18.612883
anytown-xrandom-0.1-binary-cheb1-tuned-12-cheb1,345.16925,18.583336
anytown-xrandom-0.1-binary-cheb1-tuned-13-cheb1,347.55453,18.723701
anytown-xrandom-0.1-binary-cheb1-tuned-14-cheb1,343.92508,18.534163
anytown-xrandom-0.1-binary-cheb1-tuned-15-cheb1,-1.2871473,3.5024204
anytown-xrandom-0.1-binary-cheb1-tuned-16-cheb1,348.83926,18.784254
anytown-xrandom-0.1-binary-cheb1-tuned-17-cheb1,344.76645,18.56191
anytown-xrandom-0.1-binary-cheb1-tuned-18-cheb1,346.0536,18.627266
anytown-xrandom-0.1-binary-cheb1-tuned-19-cheb1,344.78717,18.612473
anytown-xrandom-0.1-binary-cheb1-tuned-20-cheb1,347.2479,18.676174
anytown-xrandom-0.1-binary-cheb2-tuned-1-cheb2,344.31653,18.506828
anytown-xrandom-0.1-binary-cheb2-tuned-2-cheb2,344.3024,18.520508
anytown-xrandom-0.1-binary-cheb2-tuned-3-cheb2,345.1845,18.550903
anytown-xrandom-0.1-binary-cheb2-tuned-4-cheb2,343.868,18.500412
anytown-xrandom-0.1-binary-cheb2-tuned-5-cheb2,345.06342,18.5401
anytown-xrandom-0.1-binary-cheb2-tuned-6-cheb2,344.34796,18.51066
anytown-xrandom-0.1-binary-cheb2-tuned-7-cheb2,343.87427,18.491201
anytown-xrandom-0.1-binary-cheb2-tuned-8-cheb2,345.61752,18.576807
anytown-xrandom-0.1-binary-cheb2-tuned-9-cheb2,342.9692,18.458302
anytown-xrandom-0.1-binary-cheb2-tuned-10-cheb2,346.08978,18.600027
anytown-xrandom-0.1-binary-cheb2-tuned-11-cheb2,345.20422,18.55064
anytown-xrandom-0.1-binary-cheb2-tuned-12-cheb2,344.98175,18.55951
anytown-xrandom-0.1-binary-cheb2-tuned-13-cheb2,344.79745,18.53384
anytown-xrandom-0.1-binary-cheb2-tuned-14-cheb2,344.1023,18.52095
anytown-xrandom-0.1-binary-cheb2-tuned-15-cheb2,345.26862,18.55618
anytown-xrandom-0.1-binary-cheb2-tuned-16-cheb2,344.60382,18.522583
anytown-xrandom-0.1-binary-cheb2-tuned-17-cheb2,345.37878,18.577736
anytown-xrandom-0.1-binary-cheb2-tuned-18-cheb2,344.20126,18.501158
anytown-xrandom-0.1-binary-cheb2-tuned-19-cheb2,342.7561,18.445908
anytown-xrandom-0.1-binary-cheb2-tuned-20-cheb2,346.2212,18.614653
anytown-xrandom-0.1-binary-cheb3-reduced-1-cheb3,344.14636,18.498783
anytown-xrandom-0.1-binary-cheb3-reduced-2-cheb3,343.47534,18.480326
anytown-xrandom-0.1-binary-cheb3-reduced-3-cheb3,345.27368,18.561357
anytown-xrandom-0.1-binary-cheb3-reduced-4-cheb3,342.40295,18.42829
anytown-xrandom-0.1-binary-cheb3-reduced-5-cheb3,343.92303,18.490559
anytown-xrandom-0.1-binary-cheb3-reduced-6-cheb3,343.47137,18.46865
anytown-xrandom-0.1-binary-cheb3-reduced-7-cheb3,343.9262,18.51837
anytown-xrandom-0.1-binary-cheb3-reduced-8-cheb3,344.55057,18.523516
anytown-xrandom-0.1-binary-cheb3-reduced-9-cheb3,343.94876,18.507744
anytown-xrandom-0.1-binary-cheb3-reduced-10-cheb3,344.6625,18.524984
anytown-xrandom-0.1-binary-cheb3-reduced-11-cheb3,344.54626,18.525291
anytown-xrandom-0.1-binary-cheb3-reduced-12-cheb3,343.91058,18.513681
anytown-xrandom-0.1-binary-cheb3-reduced-13-cheb3,344.06546,18.496857
anytown-xrandom-0.1-binary-cheb3-reduced-14-cheb3,344.33478,18.52449
anytown-xrandom-0.1-binary-cheb3-reduced-15-cheb3,344.5321,18.519999
anytown-xrandom-0.1-binary-cheb3-reduced-16-cheb3,344.43668,18.517822
anytown-xrandom-0.1-binary-cheb3-reduced-17-cheb3,344.33582,18.534172
anytown-xrandom-0.1-binary-cheb3-reduced-18-cheb3,344.1939,18.504105
anytown-xrandom-0.1-binary-cheb3-reduced-19-cheb3,343.75027,18.507284
anytown-xrandom-0.1-binary-cheb3-reduced-20-cheb3,343.69205,18.47611
anytown-xrandom-0.1-binary-gat_hyp-tuned-1-gat_hyp,341.8421,18.53034
anytown-xrandom-0.1-binary-gat_hyp-tuned-2-gat_hyp,336.04193,18.320654
anytown-xrandom-0.1-binary-gat_hyp-tuned-3-gat_hyp,339.79462,18.41138
anytown-xrandom-0.1-binary-gat_hyp-tuned-4-gat_hyp,339.43777,18.40973
anytown-xrandom-0.1-binary-gat_hyp-tuned-5-gat_hyp,338.6651,18.314394
anytown-xrandom-0.1-binary-gat_hyp-tuned-6-gat_hyp,337.36295,18.35408
anytown-xrandom-0.1-binary-gat_hyp-tuned-7-gat_hyp,337.4665,18.356668
anytown-xrandom-0.1-binary-gat_hyp-tuned-8-gat_hyp,339.4828,18.433292
anytown-xrandom-0.1-binary-gat_hyp-tuned-9-gat_hyp,338.605,18.40329
anytown-xrandom-0.1-binary-gat_hyp-tuned-10-gat_hyp,341.58902,18.526703
anytown-xrandom-0.1-binary-gat_hyp-tuned-11-gat_hyp,338.4125,18.350424
anytown-xrandom-0.1-binary-gat_hyp-tuned-12-gat_hyp,332.1679,18.152174
anytown-xrandom-0.1-binary-gat_hyp-tuned-13-gat_hyp,339.1602,18.362173
anytown-xrandom-0.1-binary-gat_hyp-tuned-14-gat_hyp,334.81848,18.190142
anytown-xrandom-0.1-binary-gat_hyp-tuned-15-gat_hyp,338.5116,18.30113
anytown-xrandom-0.1-binary-gat_hyp-tuned-16-gat_hyp,339.1821,18.369717
anytown-xrandom-0.1-binary-gat_hyp-tuned-17-gat_hyp,335.39813,18.210918
anytown-xrandom-0.1-binary-gat_hyp-tuned-18-gat_hyp,344.2841,18.840881
anytown-xrandom-0.1-binary-gat_hyp-tuned-19-gat_hyp,337.22852,18.366608
anytown-xrandom-0.1-binary-gat_hyp-tuned-20-gat_hyp,339.77365,18.375002
anytown-xrandom-0.1-binary-gat2-tuned-1-gat2,321.94098,17.557384
anytown-xrandom-0.1-binary-gat2-tuned-2-gat2,319.69504,17.828323
anytown-xrandom-0.1-binary-gat2-tuned-3-gat2,328.57614,17.845896
anytown-xrandom-0.1-binary-gat2-tuned-4-gat2,317.39624,17.35308
anytown-xrandom-0.1-binary-gat2-tuned-5-gat2,323.3078,17.623398
anytown-xrandom-0.1-binary-gat2-tuned-6-gat2,325.06192,17.689629
anytown-xrandom-0.1-binary-gat2-tuned-7-gat2,334.1253,18.120676
anytown-xrandom-0.1-binary-gat2-tuned-8-gat2,328.013,17.776365
anytown-xrandom-0.1-binary-gat2-tuned-9-gat2,326.3214,17.832203
anytown-xrandom-0.1-binary-gat2-tuned-10-gat2,322.67294,17.546597
anytown-xrandom-0.1-binary-gat2-tuned-11-gat2,329.48657,17.949432
anytown-xrandom-0.1-binary-gat2-tuned-12-gat2,313.5328,17.503588
anytown-xrandom-0.1-binary-gat2-tuned-13-gat2,327.85297,17.790981
anytown-xrandom-0.1-binary-gat2-tuned-14-gat2,329.48032,17.992386
anytown-xrandom-0.1-binary-gat2-tuned-15-gat2,317.68875,17.277565
anytown-xrandom-0.1-binary-gat2-tuned-16-gat2,328.06494,17.8496
anytown-xrandom-0.1-binary-gat2-tuned-17-gat2,304.50195,17.012388
anytown-xrandom-0.1-binary-gat2-tuned-18-gat2,315.94705,17.147953
anytown-xrandom-0.1-binary-gat2-tuned-19-gat2,337.6642,18.281502
anytown-xrandom-0.1-binary-gat2-tuned-20-gat2,327.90195,17.814335
anytown-xrandom-0.2-binary-cheb1-tuned-1-cheb1,347.02487,18.701302
anytown-xrandom-0.2-binary-cheb1-tuned-2-cheb1,345.18054,18.621767
anytown-xrandom-0.2-binary-cheb1-tuned-3-cheb1,348.59567,18.778086
anytown-xrandom-0.2-binary-cheb1-tuned-4-cheb1,345.92575,18.609211
anytown-xrandom-0.2-binary-cheb1-tuned-5-cheb1,348.4586,18.752907
anytown-xrandom-0.2-binary-cheb1-tuned-6-cheb1,345.15665,18.653584
anytown-xrandom-0.2-binary-cheb1-tuned-7-cheb1,347.60107,18.75553
anytown-xrandom-0.2-binary-cheb1-tuned-8-cheb1,346.57236,18.68258
anytown-xrandom-0.2-binary-cheb1-tuned-9-cheb1,348.67575,18.770798
anytown-xrandom-0.2-binary-cheb1-tuned-10-cheb1,349.02817,18.78674
anytown-xrandom-0.2-binary-cheb1-tuned-11-cheb1,346.96173,18.729815
anytown-xrandom-0.2-binary-cheb1-tuned-12-cheb1,345.2058,18.636553
anytown-xrandom-0.2-binary-cheb1-tuned-13-cheb1,346.23608,18.645727
anytown-xrandom-0.2-binary-cheb1-tuned-14-cheb1,344.9075,18.586956
anytown-xrandom-0.2-binary-cheb1-tuned-15-cheb1,346.75113,18.653364
anytown-xrandom-0.2-binary-cheb1-tuned-16-cheb1,347.59317,18.761639
anytown-xrandom-0.2-binary-cheb1-tuned-17-cheb1,346.50638,18.696753
anytown-xrandom-0.2-binary-cheb1-tuned-18-cheb1,348.1853,18.794573
anytown-xrandom-0.2-binary-cheb1-tuned-19-cheb1,345.17984,18.587772
anytown-xrandom-0.2-binary-cheb1-tuned-20-cheb1,346.45807,18.644129
anytown-xrandom-0.2-binary-cheb2-tuned-1-cheb2,345.56244,18.569334
anytown-xrandom-0.2-binary-cheb2-tuned-2-cheb2,344.91962,18.550716
anytown-xrandom-0.2-binary-cheb2-tuned-3-cheb2,345.09317,18.543251
anytown-xrandom-0.2-binary-cheb2-tuned-4-cheb2,345.03806,18.540247
anytown-xrandom-0.2-binary-cheb2-tuned-5-cheb2,345.17786,18.554049
anytown-xrandom-0.2-binary-cheb2-tuned-6-cheb2,345.89053,18.59354
anytown-xrandom-0.2-binary-cheb2-tuned-7-cheb2,344.3447,18.516312
anytown-xrandom-0.2-binary-cheb2-tuned-8-cheb2,346.05588,18.596596
anytown-xrandom-0.2-binary-cheb2-tuned-9-cheb2,345.33188,18.55756
anytown-xrandom-0.2-binary-cheb2-tuned-10-cheb2,345.18018,18.55899
anytown-xrandom-0.2-binary-cheb2-tuned-11-cheb2,345.32245,18.554321
anytown-xrandom-0.2-binary-cheb2-tuned-12-cheb2,343.95142,18.496737
anytown-xrandom-0.2-binary-cheb2-tuned-13-cheb2,345.50372,18.56611
anytown-xrandom-0.2-binary-cheb2-tuned-14-cheb2,344.58075,18.522554
anytown-xrandom-0.2-binary-cheb2-tuned-15-cheb2,345.2417,18.557404
anytown-xrandom-0.2-binary-cheb2-tuned-16-cheb2,345.1784,18.547771
anytown-xrandom-0.2-binary-cheb2-tuned-17-cheb2,343.55017,18.483807
anytown-xrandom-0.2-binary-cheb2-tuned-18-cheb2,346.37393,18.618685
anytown-xrandom-0.2-binary-cheb2-tuned-19-cheb2,345.34824,18.55843
anytown-xrandom-0.2-binary-cheb2-tuned-20-cheb2,346.3754,18.612818
anytown-xrandom-0.2-binary-cheb3-reduced-1-cheb3,344.81976,18.529848
anytown-xrandom-0.2-binary-cheb3-reduced-2-cheb3,345.6848,18.604914
anytown-xrandom-0.2-binary-cheb3-reduced-3-cheb3,344.8642,18.53679
anytown-xrandom-0.2-binary-cheb3-reduced-4-cheb3,344.53232,18.514017
anytown-xrandom-0.2-binary-cheb3-reduced-5-cheb3,345.59348,18.572266
anytown-xrandom-0.2-binary-cheb3-reduced-6-cheb3,344.22754,18.506634
anytown-xrandom-0.2-binary-cheb3-reduced-7-cheb3,343.98047,18.514788
anytown-xrandom-0.2-binary-cheb3-reduced-8-cheb3,345.7129,18.578403
anytown-xrandom-0.2-binary-cheb3-reduced-9-cheb3,344.6062,18.518656
anytown-xrandom-0.2-binary-cheb3-reduced-10-cheb3,344.86435,18.541973
anytown-xrandom-0.2-binary-cheb3-reduced-11-cheb3,344.06393,18.49066
anytown-xrandom-0.2-binary-cheb3-reduced-12-cheb3,344.70615,18.549944
anytown-xrandom-0.2-binary-cheb3-reduced-13-cheb3,344.0133,18.492474
anytown-xrandom-0.2-binary-cheb3-reduced-14-cheb3,344.68237,18.518843
anytown-xrandom-0.2-binary-cheb3-reduced-15-cheb3,343.86182,18.48892
anytown-xrandom-0.2-binary-cheb3-reduced-16-cheb3,344.42004,18.511448
anytown-xrandom-0.2-binary-cheb3-reduced-17-cheb3,342.9005,18.454815
anytown-xrandom-0.2-binary-cheb3-reduced-18-cheb3,344.87546,18.53649
anytown-xrandom-0.2-binary-cheb3-reduced-19-cheb3,345.2969,18.557304
anytown-xrandom-0.2-binary-cheb3-reduced-20-cheb3,344.04562,18.495348
anytown-xrandom-0.2-binary-gat_hyp-tuned-1-gat_hyp,341.37366,18.48492
anytown-xrandom-0.2-binary-gat_hyp-tuned-2-gat_hyp,335.4973,18.29064
anytown-xrandom-0.2-binary-gat_hyp-tuned-3-gat_hyp,341.12103,18.456276
anytown-xrandom-0.2-binary-gat_hyp-tuned-4-gat_hyp,342.00464,18.535368
anytown-xrandom-0.2-binary-gat_hyp-tuned-5-gat_hyp,343.97632,18.60951
anytown-xrandom-0.2-binary-gat_hyp-tuned-6-gat_hyp,338.51993,18.359858
anytown-xrandom-0.2-binary-gat_hyp-tuned-7-gat_hyp,338.62448,18.472963
anytown-xrandom-0.2-binary-gat_hyp-tuned-8-gat_hyp,341.04172,18.425434
anytown-xrandom-0.2-binary-gat_hyp-tuned-9-gat_hyp,341.15826,18.43365
anytown-xrandom-0.2-binary-gat_hyp-tuned-10-gat_hyp,330.87393,18.110174
anytown-xrandom-0.2-binary-gat_hyp-tuned-11-gat_hyp,338.4841,18.392445
anytown-xrandom-0.2-binary-gat_hyp-tuned-12-gat_hyp,337.7204,18.333578
anytown-xrandom-0.2-binary-gat_hyp-tuned-13-gat_hyp,339.43335,18.410097
anytown-xrandom-0.2-binary-gat_hyp-tuned-14-gat_hyp,337.9425,18.334187
anytown-xrandom-0.2-binary-gat_hyp-tuned-15-gat_hyp,339.72516,18.405674
anytown-xrandom-0.2-binary-gat_hyp-tuned-16-gat_hyp,340.6287,18.445398
anytown-xrandom-0.2-binary-gat_hyp-tuned-17-gat_hyp,341.4127,18.571514
anytown-xrandom-0.2-binary-gat_hyp-tuned-18-gat_hyp,339.632,18.355368
anytown-xrandom-0.2-binary-gat_hyp-tuned-19-gat_hyp,341.05023,18.418453
anytown-xrandom-0.2-binary-gat_hyp-tuned-20-gat_hyp,342.0521,18.500006
anytown-xrandom-0.2-binary-gat2-tuned-1-gat2,328.1026,17.827219
anytown-xrandom-0.2-binary-gat2-tuned-2-gat2,339.79175,18.43356
anytown-xrandom-0.2-binary-gat2-tuned-3-gat2,335.2313,18.196949
anytown-xrandom-0.2-binary-gat2-tuned-4-gat2,327.56824,17.775589
anytown-xrandom-0.2-binary-gat2-tuned-5-gat2,325.22595,17.642956
anytown-xrandom-0.2-binary-gat2-tuned-6-gat2,333.05182,18.106705
anytown-xrandom-0.2-binary-gat2-tuned-7-gat2,335.62994,18.139038
anytown-xrandom-0.2-binary-gat2-tuned-8-gat2,321.0658,17.442976
anytown-xrandom-0.2-binary-gat2-tuned-9-gat2,337.18472,18.240952
anytown-xrandom-0.2-binary-gat2-tuned-10-gat2,324.24533,17.54277
anytown-xrandom-0.2-binary-gat2-tuned-11-gat2,330.38354,17.983158
anytown-xrandom-0.2-binary-gat2-tuned-12-gat2,316.18704,17.286098
anytown-xrandom-0.2-binary-gat2-tuned-13-gat2,322.71603,17.491201
anytown-xrandom-0.2-binary-gat2-tuned-14-gat2,335.6565,18.146708
anytown-xrandom-0.2-binary-gat2-tuned-15-gat2,332.4308,17.999294
anytown-xrandom-0.2-binary-gat2-tuned-16-gat2,330.6756,18.0133
anytown-xrandom-0.2-binary-gat2-tuned-17-gat2,319.94235,17.541052
anytown-xrandom-0.2-binary-gat2-tuned-18-gat2,325.78214,17.637798
anytown-xrandom-0.2-binary-gat2-tuned-19-gat2,329.6101,17.833122
anytown-xrandom-0.2-binary-gat2-tuned-20-gat2,321.83643,17.43671
anytown-xrandom-0.4-binary-cheb1-tuned-1-cheb1,347.98746,18.84612
anytown-xrandom-0.4-binary-cheb1-tuned-2-cheb1,343.81516,18.58311
anytown-xrandom-0.4-binary-cheb1-tuned-3-cheb1,345.60056,18.68118
anytown-xrandom-0.4-binary-cheb1-tuned-4-cheb1,223.52464,19.29566
anytown-xrandom-0.4-binary-cheb1-tuned-5-cheb1,346.63733,18.658298
anytown-xrandom-0.4-binary-cheb1-tuned-6-cheb1,-0.00021117381,0.00013894113
anytown-xrandom-0.4-binary-cheb1-tuned-7-cheb1,344.79108,18.609428
anytown-xrandom-0.4-binary-cheb1-tuned-8-cheb1,345.92947,18.74395
anytown-xrandom-0.4-binary-cheb1-tuned-9-cheb1,344.22507,18.589867
anytown-xrandom-0.4-binary-cheb1-tuned-10-cheb1,344.5934,18.590534
anytown-xrandom-0.4-binary-cheb1-tuned-11-cheb1,346.17322,18.68531
anytown-xrandom-0.4-binary-cheb1-tuned-12-cheb1,348.27585,18.798443
anytown-xrandom-0.4-binary-cheb1-tuned-13-cheb1,342.9868,18.578909
anytown-xrandom-0.4-binary-cheb1-tuned-14-cheb1,348.53232,18.828392
anytown-xrandom-0.4-binary-cheb1-tuned-15-cheb1,-0.006224757,2.8766944
anytown-xrandom-0.4-binary-cheb1-tuned-16-cheb1,346.47186,18.742626
anytown-xrandom-0.4-binary-cheb1-tuned-17-cheb1,-0.13078459,1.9981599
anytown-xrandom-0.4-binary-cheb1-tuned-18-cheb1,221.62,19.103525
anytown-xrandom-0.4-binary-cheb1-tuned-19-cheb1,348.32837,18.806051
anytown-xrandom-0.4-binary-cheb1-tuned-20-cheb1,-2.9580877e-05,6.4614833e-06
anytown-xrandom-0.4-binary-cheb2-tuned-1-cheb2,346.8974,18.643536
anytown-xrandom-0.4-binary-cheb2-tuned-2-cheb2,346.2586,18.610903
anytown-xrandom-0.4-binary-cheb2-tuned-3-cheb2,345.4902,18.568623
anytown-xrandom-0.4-binary-cheb2-tuned-4-cheb2,345.76855,18.58396
anytown-xrandom-0.4-binary-cheb2-tuned-5-cheb2,345.06757,18.5522
anytown-xrandom-0.4-binary-cheb2-tuned-6-cheb2,345.27493,18.555328
anytown-xrandom-0.4-binary-cheb2-tuned-7-cheb2,344.95346,18.534409
anytown-xrandom-0.4-binary-cheb2-tuned-8-cheb2,348.22177,18.716042
anytown-xrandom-0.4-binary-cheb2-tuned-9-cheb2,345.54437,18.575148
anytown-xrandom-0.4-binary-cheb2-tuned-10-cheb2,344.96304,18.53685
anytown-xrandom-0.4-binary-cheb2-tuned-11-cheb2,346.07785,18.612757
anytown-xrandom-0.4-binary-cheb2-tuned-12-cheb2,345.78476,18.584541
anytown-xrandom-0.4-binary-cheb2-tuned-13-cheb2,348.0783,18.711697
anytown-xrandom-0.4-binary-cheb2-tuned-14-cheb2,345.23517,18.56035
anytown-xrandom-0.4-binary-cheb2-tuned-15-cheb2,345.18402,18.55496
anytown-xrandom-0.4-binary-cheb2-tuned-16-cheb2,346.17413,18.60976
anytown-xrandom-0.4-binary-cheb2-tuned-17-cheb2,346.5196,18.628328
anytown-xrandom-0.4-binary-cheb2-tuned-18-cheb2,345.4184,18.564404
anytown-xrandom-0.4-binary-cheb2-tuned-19-cheb2,345.54834,18.574818
anytown-xrandom-0.4-binary-cheb2-tuned-20-cheb2,345.58112,18.57303
anytown-xrandom-0.4-binary-cheb3-reduced-1-cheb3,346.05392,18.603659
anytown-xrandom-0.4-binary-cheb3-reduced-2-cheb3,344.72766,18.525015
anytown-xrandom-0.4-binary-cheb3-reduced-3-cheb3,345.61658,18.569906
anytown-xrandom-0.4-binary-cheb3-reduced-4-cheb3,345.12302,18.54222
anytown-xrandom-0.4-binary-cheb3-reduced-5-cheb3,344.32068,18.506184
anytown-xrandom-0.4-binary-cheb3-reduced-6-cheb3,344.03268,18.497349
anytown-xrandom-0.4-binary-cheb3-reduced-7-cheb3,345.27393,18.555958
anytown-xrandom-0.4-binary-cheb3-reduced-8-cheb3,345.26913,18.550014
anytown-xrandom-0.4-binary-cheb3-reduced-9-cheb3,345.5257,18.569668
anytown-xrandom-0.4-binary-cheb3-reduced-10-cheb3,344.80917,18.533833
anytown-xrandom-0.4-binary-cheb3-reduced-11-cheb3,344.62625,18.51914
anytown-xrandom-0.4-binary-cheb3-reduced-12-cheb3,344.77847,18.527824
anytown-xrandom-0.4-binary-cheb3-reduced-13-cheb3,344.59097,18.524643
anytown-xrandom-0.4-binary-cheb3-reduced-14-cheb3,344.6099,18.526932
anytown-xrandom-0.4-binary-cheb3-reduced-15-cheb3,344.042,18.50247
anytown-xrandom-0.4-binary-cheb3-reduced-16-cheb3,346.04913,18.597925
anytown-xrandom-0.4-binary-cheb3-reduced-17-cheb3,345.0879,18.539993
anytown-xrandom-0.4-binary-cheb3-reduced-18-cheb3,344.632,18.52357
anytown-xrandom-0.4-binary-cheb3-reduced-19-cheb3,345.22156,18.547838
anytown-xrandom-0.4-binary-cheb3-reduced-20-cheb3,344.90887,18.536226
anytown-xrandom-0.4-binary-gat_hyp-tuned-1-gat_hyp,342.8869,18.598131
anytown-xrandom-0.4-binary-gat_hyp-tuned-2-gat_hyp,340.91504,18.456718
anytown-xrandom-0.4-binary-gat_hyp-tuned-3-gat_hyp,341.04907,18.452995
anytown-xrandom-0.4-binary-gat_hyp-tuned-4-gat_hyp,337.99808,18.337868
anytown-xrandom-0.4-binary-gat_hyp-tuned-5-gat_hyp,337.97476,18.334646
anytown-xrandom-0.4-binary-gat_hyp-tuned-6-gat_hyp,339.13184,18.36529
anytown-xrandom-0.4-binary-gat_hyp-tuned-7-gat_hyp,346.22766,18.766014
anytown-xrandom-0.4-binary-gat_hyp-tuned-8-gat_hyp,341.8847,18.501097
anytown-xrandom-0.4-binary-gat_hyp-tuned-9-gat_hyp,339.42822,18.36964
anytown-xrandom-0.4-binary-gat_hyp-tuned-10-gat_hyp,338.5753,18.330088
anytown-xrandom-0.4-binary-gat_hyp-tuned-11-gat_hyp,338.5668,18.37222
anytown-xrandom-0.4-binary-gat_hyp-tuned-12-gat_hyp,343.67987,18.647778
anytown-xrandom-0.4-binary-gat_hyp-tuned-13-gat_hyp,339.6914,18.365955
anytown-xrandom-0.4-binary-gat_hyp-tuned-14-gat_hyp,339.7357,18.39889
anytown-xrandom-0.4-binary-gat_hyp-tuned-15-gat_hyp,339.11453,18.45775
anytown-xrandom-0.4-binary-gat_hyp-tuned-16-gat_hyp,340.95444,18.44214
anytown-xrandom-0.4-binary-gat_hyp-tuned-17-gat_hyp,340.2629,18.407303
anytown-xrandom-0.4-binary-gat_hyp-tuned-18-gat_hyp,340.6675,18.410646
anytown-xrandom-0.4-binary-gat_hyp-tuned-19-gat_hyp,341.2707,18.457026
anytown-xrandom-0.4-binary-gat_hyp-tuned-20-gat_hyp,340.1368,18.411692
anytown-xrandom-0.4-binary-gat2-tuned-1-gat2,341.387,18.399446
anytown-xrandom-0.4-binary-gat2-tuned-2-gat2,322.93677,17.49886
anytown-xrandom-0.4-binary-gat2-tuned-3-gat2,339.57806,18.296394
anytown-xrandom-0.4-binary-gat2-tuned-4-gat2,343.2089,18.536316
anytown-xrandom-0.4-binary-gat2-tuned-5-gat2,331.30142,17.890713
anytown-xrandom-0.4-binary-gat2-tuned-6-gat2,340.34506,18.337833
anytown-xrandom-0.4-binary-gat2-tuned-7-gat2,327.60422,17.71277
anytown-xrandom-0.4-binary-gat2-tuned-8-gat2,342.53857,18.465523
anytown-xrandom-0.4-binary-gat2-tuned-9-gat2,344.4017,18.590582
anytown-xrandom-0.4-binary-gat2-tuned-10-gat2,336.02878,18.158377
anytown-xrandom-0.4-binary-gat2-tuned-11-gat2,342.94604,18.476686
anytown-xrandom-0.4-binary-gat2-tuned-12-gat2,328.33554,17.759596
anytown-xrandom-0.4-binary-gat2-tuned-13-gat2,343.244,18.49566
anytown-xrandom-0.4-binary-gat2-tuned-14-gat2,339.8878,18.340837
anytown-xrandom-0.4-binary-gat2-tuned-15-gat2,335.11636,18.123032
anytown-xrandom-0.4-binary-gat2-tuned-16-gat2,342.46414,18.452972
anytown-xrandom-0.4-binary-gat2-tuned-17-gat2,331.9965,17.94963
anytown-xrandom-0.4-binary-gat2-tuned-18-gat2,341.48306,18.400532
anytown-xrandom-0.4-binary-gat2-tuned-19-gat2,339.75238,18.344519
anytown-xrandom-0.4-binary-gat2-tuned-20-gat2,325.04236,17.64551
anytown-xrandom-0.8-binary-cheb1-tuned-1-cheb1,347.795,18.709433
anytown-xrandom-0.8-binary-cheb1-tuned-2-cheb1,-0.34832612,0.55879444
anytown-xrandom-0.8-binary-cheb1-tuned-3-cheb1,344.67145,18.541386
anytown-xrandom-0.8-binary-cheb1-tuned-4-cheb1,348.20917,19.199242
anytown-xrandom-0.8-binary-cheb1-tuned-5-cheb1,-1.6651193e-06,1.3308891e-05
anytown-xrandom-0.8-binary-cheb1-tuned-6-cheb1,345.94635,18.675074
anytown-xrandom-0.8-binary-cheb1-tuned-7-cheb1,347.7134,18.764809
anytown-xrandom-0.8-binary-cheb1-tuned-8-cheb1,9.5248896e-12,3.8146973e-06
anytown-xrandom-0.8-binary-cheb1-tuned-9-cheb1,345.56467,18.716818
anytown-xrandom-0.8-binary-cheb1-tuned-10-cheb1,350.18643,18.996357
anytown-xrandom-0.8-binary-cheb1-tuned-11-cheb1,347.65262,18.840494
anytown-xrandom-0.8-binary-cheb1-tuned-12-cheb1,-0.036794055,1.1641531
anytown-xrandom-0.8-binary-cheb1-tuned-13-cheb1,0.00023804294,0.0075011603
anytown-xrandom-0.8-binary-cheb1-tuned-14-cheb1,348.821,18.824612
anytown-xrandom-0.8-binary-cheb1-tuned-15-cheb1,346.16992,18.677578
anytown-xrandom-0.8-binary-cheb1-tuned-16-cheb1,343.59952,18.590006
anytown-xrandom-0.8-binary-cheb1-tuned-17-cheb1,349.84348,19.106573
anytown-xrandom-0.8-binary-cheb1-tuned-18-cheb1,345.22278,18.571548
anytown-xrandom-0.8-binary-cheb1-tuned-19-cheb1,345.79343,18.73558
anytown-xrandom-0.8-binary-cheb1-tuned-20-cheb1,349.21286,18.866829
anytown-xrandom-0.8-binary-cheb2-tuned-1-cheb2,346.34238,18.616138
anytown-xrandom-0.8-binary-cheb2-tuned-2-cheb2,345.12506,18.554743
anytown-xrandom-0.8-binary-cheb2-tuned-3-cheb2,346.25415,18.609236
anytown-xrandom-0.8-binary-cheb2-tuned-4-cheb2,344.55402,18.526503
anytown-xrandom-0.8-binary-cheb2-tuned-5-cheb2,346.2622,18.622084
anytown-xrandom-0.8-binary-cheb2-tuned-6-cheb2,346.31085,18.612507
anytown-xrandom-0.8-binary-cheb2-tuned-7-cheb2,344.8184,18.53399
anytown-xrandom-0.8-binary-cheb2-tuned-8-cheb2,345.9151,18.594439
anytown-xrandom-0.8-binary-cheb2-tuned-9-cheb2,345.9575,18.592913
anytown-xrandom-0.8-binary-cheb2-tuned-10-cheb2,345.28146,18.55593
anytown-xrandom-0.8-binary-cheb2-tuned-11-cheb2,345.48056,18.568476
anytown-xrandom-0.8-binary-cheb2-tuned-12-cheb2,346.69968,18.634243
anytown-xrandom-0.8-binary-cheb2-tuned-13-cheb2,346.15085,18.607489
anytown-xrandom-0.8-binary-cheb2-tuned-14-cheb2,345.2506,18.561167
anytown-xrandom-0.8-binary-cheb2-tuned-15-cheb2,345.6254,18.57484
anytown-xrandom-0.8-binary-cheb2-tuned-16-cheb2,345.44183,18.577236
anytown-xrandom-0.8-binary-cheb2-tuned-17-cheb2,345.9275,18.600353
anytown-xrandom-0.8-binary-cheb2-tuned-18-cheb2,345.9704,18.589893
anytown-xrandom-0.8-binary-cheb2-tuned-19-cheb2,346.51608,18.631939
anytown-xrandom-0.8-binary-cheb2-tuned-20-cheb2,346.42908,18.622316
anytown-xrandom-0.8-binary-gat_hyp-tuned-1-gat_hyp,343.16208,18.555523
anytown-xrandom-0.8-binary-gat_hyp-tuned-2-gat_hyp,341.58728,18.487864
anytown-xrandom-0.8-binary-gat_hyp-tuned-3-gat_hyp,341.8644,18.480188
anytown-xrandom-0.8-binary-gat_hyp-tuned-4-gat_hyp,340.9138,18.453384
anytown-xrandom-0.8-binary-gat_hyp-tuned-5-gat_hyp,341.92783,18.468042
anytown-xrandom-0.8-binary-gat_hyp-tuned-6-gat_hyp,339.08508,18.311657
anytown-xrandom-0.8-binary-gat_hyp-tuned-7-gat_hyp,338.57187,18.308298
anytown-xrandom-0.8-binary-gat_hyp-tuned-8-gat_hyp,339.46564,18.37107
anytown-xrandom-0.8-binary-gat_hyp-tuned-9-gat_hyp,341.84897,18.479498
anytown-xrandom-0.8-binary-gat_hyp-tuned-10-gat_hyp,340.27927,18.371084
anytown-xrandom-0.8-binary-gat_hyp-tuned-11-gat_hyp,343.24768,18.604124
anytown-xrandom-0.8-binary-gat_hyp-tuned-12-gat_hyp,341.1478,18.445784
anytown-xrandom-0.8-binary-gat_hyp-tuned-13-gat_hyp,341.71283,18.451927
anytown-xrandom-0.8-binary-gat_hyp-tuned-14-gat_hyp,340.35086,18.41083
anytown-xrandom-0.8-binary-gat_hyp-tuned-15-gat_hyp,340.49643,18.390198
anytown-xrandom-0.8-binary-gat_hyp-tuned-16-gat_hyp,340.17926,18.384932
anytown-xrandom-0.8-binary-gat_hyp-tuned-17-gat_hyp,337.86642,18.324732
anytown-xrandom-0.8-binary-gat_hyp-tuned-18-gat_hyp,342.02692,18.488815
anytown-xrandom-0.8-binary-gat_hyp-tuned-19-gat_hyp,339.2546,18.357094
anytown-xrandom-0.8-binary-gat_hyp-tuned-20-gat_hyp,340.0607,18.378965
anytown-xrandom-0.8-binary-gat2-tuned-1-gat2,348.47083,18.735567
anytown-xrandom-0.8-binary-gat2-tuned-2-gat2,348.62408,18.744429
anytown-xrandom-0.8-binary-gat2-tuned-3-gat2,346.54172,18.630503
anytown-xrandom-0.8-binary-gat2-tuned-4-gat2,343.37988,18.469885
anytown-xrandom-0.8-binary-gat2-tuned-5-gat2,345.84277,18.597378
anytown-xrandom-0.8-binary-gat2-tuned-6-gat2,342.86694,18.432116
anytown-xrandom-0.8-binary-gat2-tuned-7-gat2,342.67947,18.435493
anytown-xrandom-0.8-binary-gat2-tuned-8-gat2,346.17203,18.608213
anytown-xrandom-0.8-binary-gat2-tuned-9-gat2,339.9532,18.312857
anytown-xrandom-0.8-binary-gat2-tuned-10-gat2,347.74176,18.693052
anytown-xrandom-0.8-binary-gat2-tuned-11-gat2,340.7208,18.31752
anytown-xrandom-0.8-binary-gat2-tuned-12-gat2,344.17346,18.506523
anytown-xrandom-0.8-binary-gat2-tuned-13-gat2,338.84164,18.216158
anytown-xrandom-0.8-binary-gat2-tuned-14-gat2,346.1279,18.609653
anytown-xrandom-0.8-binary-gat2-tuned-15-gat2,342.6012,18.408619
anytown-xrandom-0.8-binary-gat2-tuned-16-gat2,343.73074,18.473543
anytown-xrandom-0.8-binary-gat2-tuned-17-gat2,346.22995,18.615654
anytown-xrandom-0.8-binary-gat2-tuned-18-gat2,346.69635,18.640572
anytown-xrandom-0.8-binary-gat2-tuned-19-gat2,345.4161,18.577932
anytown-xrandom-0.8-binary-gat2-tuned-20-gat2,346.52942,18.62394
anytown-random-0.05-binary-def-1-orig,347.1315849123153,18.63146759952944
anytown-xrandom-0.8-binary-cheb3-reduced-1-cheb3,345.96887,18.590212
anytown-xrandom-0.8-binary-cheb3-reduced-2-cheb3,345.5248,18.567816
anytown-xrandom-0.8-binary-cheb3-reduced-3-cheb3,345.36,18.558489
anytown-xrandom-0.8-binary-cheb3-reduced-4-cheb3,345.2067,18.546085
anytown-xrandom-0.8-binary-cheb3-reduced-5-cheb3,345.62772,18.570116
anytown-xrandom-0.8-binary-cheb3-reduced-6-cheb3,343.6597,18.467335
anytown-xrandom-0.8-binary-cheb3-reduced-7-cheb3,344.37115,18.515604
anytown-xrandom-0.8-binary-cheb3-reduced-8-cheb3,345.65967,18.567804
anytown-xrandom-0.8-binary-cheb3-reduced-9-cheb3,345.3932,18.560068
anytown-xrandom-0.8-binary-cheb3-reduced-10-cheb3,344.85767,18.535751
anytown-xrandom-0.8-binary-cheb3-reduced-11-cheb3,345.49347,18.561802
anytown-xrandom-0.8-binary-cheb3-reduced-12-cheb3,345.48773,18.570833
anytown-xrandom-0.8-binary-cheb3-reduced-13-cheb3,345.89288,18.594864
anytown-xrandom-0.8-binary-cheb3-reduced-14-cheb3,345.32846,18.555044
anytown-xrandom-0.8-binary-cheb3-reduced-15-cheb3,345.59283,18.56915
anytown-xrandom-0.8-binary-cheb3-reduced-16-cheb3,345.29175,18.560242
anytown-xrandom-0.8-binary-cheb3-reduced-17-cheb3,345.41534,18.556343
anytown-xrandom-0.8-binary-cheb3-reduced-18-cheb3,345.75116,18.583443
anytown-xrandom-0.8-binary-cheb3-reduced-19-cheb3,345.76556,18.58551
anytown-xrandom-0.8-binary-cheb3-reduced-20-cheb3,345.26028,18.552143
anytown-xrandom-0.05-binary-gat-tuned-1-gat,340.88397,18.46702
anytown-xrandom-0.05-binary-gat-tuned-2-gat,338.87756,18.346186
anytown-xrandom-0.05-binary-gat-tuned-3-gat,340.56482,18.426193
anytown-xrandom-0.05-binary-gat-tuned-4-gat,327.51202,18.023241
anytown-xrandom-0.05-binary-gat-tuned-5-gat,337.0017,18.257854
anytown-xrandom-0.05-binary-gat-tuned-6-gat,336.1585,18.274273
anytown-xrandom-0.05-binary-gat-tuned-7-gat,339.07516,18.353258
anytown-xrandom-0.05-binary-gat-tuned-8-gat,340.4847,18.543524
anytown-xrandom-0.05-binary-gat-tuned-9-gat,325.83594,18.000952
anytown-xrandom-0.05-binary-gat-tuned-10-gat,339.4321,18.41703
anytown-xrandom-0.05-binary-gat-tuned-11-gat,339.54764,18.440866
anytown-xrandom-0.05-binary-gat-tuned-12-gat,340.2896,18.49251
anytown-xrandom-0.05-binary-gat-tuned-13-gat,340.60547,18.432537
anytown-xrandom-0.05-binary-gat-tuned-14-gat,327.20084,18.080423
anytown-xrandom-0.05-binary-gat-tuned-15-gat,339.36874,18.404905
anytown-xrandom-0.05-binary-gat-tuned-16-gat,337.04678,18.296396
anytown-xrandom-0.05-binary-gat-tuned-17-gat,338.9976,18.363724
anytown-xrandom-0.05-binary-gat-tuned-18-gat,340.2255,18.421246
anytown-xrandom-0.05-binary-gat-tuned-19-gat,328.87173,18.079472
anytown-xrandom-0.05-binary-gat-tuned-20-gat,336.13596,18.238956
anytown-xrandom-0.1-binary-gat-tuned-1-gat,333.7687,18.20494
anytown-xrandom-0.1-binary-gat-tuned-2-gat,335.3171,18.270435
anytown-xrandom-0.1-binary-gat-tuned-3-gat,341.58932,18.474424
anytown-xrandom-0.1-binary-gat-tuned-4-gat,336.0074,18.251865
anytown-xrandom-0.1-binary-gat-tuned-5-gat,340.11908,18.40819
anytown-xrandom-0.1-binary-gat-tuned-6-gat,341.57755,18.529415
anytown-xrandom-0.1-binary-gat-tuned-7-gat,338.0767,18.427113
anytown-xrandom-0.1-binary-gat-tuned-8-gat,342.11267,18.519169
anytown-xrandom-0.1-binary-gat-tuned-9-gat,335.1592,18.233318
anytown-xrandom-0.1-binary-gat-tuned-10-gat,333.46597,18.206707
anytown-xrandom-0.1-binary-gat-tuned-11-gat,338.97772,18.46409
anytown-xrandom-0.1-binary-gat-tuned-12-gat,335.2438,18.258076
anytown-xrandom-0.1-binary-gat-tuned-13-gat,338.41345,18.349535
anytown-xrandom-0.1-binary-gat-tuned-14-gat,338.34763,18.372957
anytown-xrandom-0.1-binary-gat-tuned-15-gat,343.8273,18.643831
anytown-xrandom-0.1-binary-gat-tuned-16-gat,339.09637,18.359137
anytown-xrandom-0.1-binary-gat-tuned-17-gat,333.96042,18.193356
anytown-xrandom-0.1-binary-gat-tuned-18-gat,339.32416,18.42505
anytown-xrandom-0.1-binary-gat-tuned-19-gat,338.34418,18.39579
anytown-xrandom-0.1-binary-gat-tuned-20-gat,336.37515,18.284912
anytown-xrandom-0.2-binary-gat-tuned-1-gat,341.28732,18.474377
anytown-xrandom-0.2-binary-gat-tuned-2-gat,338.82886,18.385117
anytown-xrandom-0.2-binary-gat-tuned-3-gat,339.62357,18.367853
anytown-xrandom-0.2-binary-gat-tuned-4-gat,340.12302,18.374868
anytown-xrandom-0.2-binary-gat-tuned-5-gat,338.9441,18.33112
anytown-xrandom-0.2-binary-gat-tuned-6-gat,340.77377,18.406939
anytown-xrandom-0.2-binary-gat-tuned-7-gat,337.58655,18.31729
anytown-xrandom-0.2-binary-gat-tuned-8-gat,340.06393,18.462776
anytown-xrandom-0.2-binary-gat-tuned-9-gat,340.8313,18.488878
anytown-xrandom-0.2-binary-gat-tuned-10-gat,339.4446,18.385183
anytown-xrandom-0.2-binary-gat-tuned-11-gat,336.98938,18.26242
anytown-xrandom-0.2-binary-gat-tuned-12-gat,341.1675,18.545773
anytown-xrandom-0.2-binary-gat-tuned-13-gat,340.89377,18.406633
anytown-xrandom-0.2-binary-gat-tuned-14-gat,342.08017,18.479877
anytown-xrandom-0.2-binary-gat-tuned-15-gat,339.34317,18.38959
anytown-xrandom-0.2-binary-gat-tuned-16-gat,340.0858,18.40911
anytown-xrandom-0.2-binary-gat-tuned-17-gat,337.32886,18.287025
anytown-xrandom-0.2-binary-gat-tuned-18-gat,337.4017,18.308693
anytown-xrandom-0.2-binary-gat-tuned-19-gat,341.1233,18.470636
anytown-xrandom-0.2-binary-gat-tuned-20-gat,338.50653,18.350073
anytown-xrandom-0.4-binary-gat-tuned-1-gat,340.3494,18.491882
anytown-xrandom-0.4-binary-gat-tuned-2-gat,339.37473,18.363108
anytown-xrandom-0.4-binary-gat-tuned-3-gat,339.94577,18.389977
anytown-xrandom-0.4-binary-gat-tuned-4-gat,337.06824,18.308537
anytown-xrandom-0.4-binary-gat-tuned-5-gat,337.9422,18.30555
anytown-xrandom-0.4-binary-gat-tuned-6-gat,341.4959,18.507774
anytown-xrandom-0.4-binary-gat-tuned-7-gat,342.08176,18.488667
anytown-xrandom-0.4-binary-gat-tuned-8-gat,342.4673,18.545973
anytown-xrandom-0.4-binary-gat-tuned-9-gat,340.92642,18.428421
anytown-xrandom-0.4-binary-gat-tuned-10-gat,339.02505,18.379955
anytown-xrandom-0.4-binary-gat-tuned-11-gat,341.08487,18.451601
anytown-xrandom-0.4-binary-gat-tuned-12-gat,338.3234,18.305338
anytown-xrandom-0.4-binary-gat-tuned-13-gat,342.17227,18.514687
anytown-xrandom-0.4-binary-gat-tuned-14-gat,340.5323,18.430231
anytown-xrandom-0.4-binary-gat-tuned-15-gat,340.61063,18.45496
anytown-xrandom-0.4-binary-gat-tuned-16-gat,339.40448,18.38671
anytown-xrandom-0.4-binary-gat-tuned-17-gat,342.8783,18.53778
anytown-xrandom-0.4-binary-gat-tuned-18-gat,340.59473,18.41502
anytown-xrandom-0.4-binary-gat-tuned-19-gat,342.3028,18.480448
anytown-xrandom-0.4-binary-gat-tuned-20-gat,340.15567,18.504538
anytown-xrandom-0.8-binary-gat-tuned-1-gat,342.9933,18.559769
anytown-xrandom-0.8-binary-gat-tuned-2-gat,339.3572,18.385317
anytown-xrandom-0.8-binary-gat-tuned-3-gat,339.26303,18.371119
anytown-xrandom-0.8-binary-gat-tuned-4-gat,342.4416,18.515175
anytown-xrandom-0.8-binary-gat-tuned-5-gat,342.86,18.505148
anytown-xrandom-0.8-binary-gat-tuned-6-gat,339.50653,18.37129
anytown-xrandom-0.8-binary-gat-tuned-7-gat,340.2078,18.38497
anytown-xrandom-0.8-binary-gat-tuned-8-gat,339.80777,18.391542
anytown-xrandom-0.8-binary-gat-tuned-9-gat,339.40097,18.347244
anytown-xrandom-0.8-binary-gat-tuned-10-gat,340.7975,18.409344
anytown-xrandom-0.8-binary-gat-tuned-11-gat,342.66046,18.512722
anytown-xrandom-0.8-binary-gat-tuned-12-gat,342.0745,18.481167
anytown-xrandom-0.8-binary-gat-tuned-13-gat,342.03387,18.474033
anytown-xrandom-0.8-binary-gat-tuned-14-gat,338.12482,18.301489
anytown-xrandom-0.8-binary-gat-tuned-15-gat,342.47244,18.477884
anytown-xrandom-0.8-binary-gat-tuned-16-gat,345.31897,18.639185
anytown-xrandom-0.8-binary-gat-tuned-17-gat,342.68607,18.496925
anytown-xrandom-0.8-binary-gat-tuned-18-gat,340.70044,18.401642
anytown-xrandom-0.8-binary-gat-tuned-19-gat,340.8739,18.428808
anytown-xrandom-0.8-binary-gat-tuned-20-gat,341.09277,18.428835
